id,name,site_id,code_gmao,division,
49,Laverie BG,5,,BL01,
31,Extraction Benguerir,5,,BM01,
24,Port de Casa,3,,CP01,
59,EMAPHOS,2,,JA01,
35,IMACID,2,,JA02,
51,PMP,2,,JA03,
1,JFC1,2,JFC1,JF01,
2,JFC2,2,JFC2,JF02,
3,JFC3,2,JFC3,JF03,
4,JFC4,2,JFC4,JF04,
5,JFC5,2,JFC5,JF05,
8,BU Attaque Filtration,2,JLN BU Attaque Filtration,JF06,
11,Engrais JLN,2,JLN Engrais,JF06,
12,Sulfurique et Utilités JLN,2,JLN Sulfurique,JF06,
13,BU CAP,2,JLN CAP,JF06,
47,JLN,2,,JF06,
48,JLN,2,,JF06,
56,CODIR JLN,2,,JF06,
38,MAP Soluble,2,,JF07,
9,JPH,2,JPH,JL01,
53,Unité DWS,3,,KD01,
40,Laverie Ben Amir,3,,KL01,
27,Bénéficiation MEA,3,,KL02,
10,Laverie Daoui,3,,KL03,
28,Mine de Benamir,3,,KM01,
41,Extraction Beni Amir,3,,KM01,
7,Mrah,3,,KM02,
15,Extraction MEA,3,,KM02,
46,Extraction Sidi Chennane,3,,KM03,
50,Pipeline,3,,KPP1,
52,Séchage Béni Idir,3,,KS02,
6,Usine digitale,1,,N/A,
14,Tour de contrôle,2,,N/A,
23,Agence Maritime,3,,N/A,
25,Production Youssoufia,5,,N/A,multi
26,Qualité,5,,N/A,
29,Réunion EE,5,,N/A,
30,Traitement,6,,N/A,
32,Gantour - Flux,5,,N/A,
33,Gantour - Moyens Généraux,5,,N/A,multi
36,M&P OIG/Y,5,,N/A,
54,Moyens Généraux,3,,N/A,multi
58,TESTING,2,,N/A,
60,SAFI,4,,N/A,
61,JLS,2,,N/A,
62,Capital Humain JL,2,,N/A,
63,Capital Humain,5,,N/A,
34,Extraction Boucraa,6,,PM01,
16,MPI,4,S-MP1,SA01,
42,MAROC PHOSPHORE 1,4,S-MP1,SA01,
43,MAROC Phosphore 1,4,S-MP1,SA01,
44,MP1,4,S-MP1,SA01,
45,MP1,4,S-MP1,SA01,
37,MPII,4,S-MP2,SA02,
17,Maroc Chimie,4,S-MC,SF01,
19,Calcination,5,CALCINATION,YC01,
20,Laverie Youssoufia,5,LAVERIE YOUSSOUFIA,YL01,
21,Extraction M'Zinda,5,,YM01,
22,Extraction Bouchane,5,,YM02,
18,Séchage,5,SECHAGE,YS01,
